group1,Only viscous,
Cl,Cd,Cm
-0.2023,0.01099,-0.0542
0.2322,0.00952,-0.0507
0.6826,0.01027,-0.0501
1.054,0.01663,-0.0376
1.3251,0.02708,-0.0147
1.3834,0.06426,-0.0085
1.1955,0.15992,-0.0536
