group4,,
Cl,Cd,Cm
-0.1955,0.01083,-0.0594
0.229,0.0071,-0.0495
0.709,0.00911,-0.0548
1.0668,0.01552,-0.0391
1.2842,0.03036,-0.01
1.2982,0.07318,-0.0033
0.9353,0.24546,-0.0879
