group2,,
Cl,Cd,Cm
-0.1923,0.0104,-0.0591
0.227,0.00682,-0.0491
0.7051,0.00886,-0.0548
1.0649,0.015,-0.0401
1.2904,0.02891,-0.0124
1.3498,0.06466,-0.0027
1.1671,0.15946,-0.0491
