group1,Avg between,
Cl,Cd,Cm
-0.21615,0.01099,-0.05235
0.2447,0.00952,-0.0534
0.71285,0.01027,-0.05605
1.14045,0.01663,-0.05265
1.51635,0.02708,-0.0439
1.78415,0.06426,-0.04315
1.92735,0.15992,-0.0676
