group5,,
Cl,Cd,Cm
-0.2023,0.01099,-0.0541
0.2322,0.00952,-0.0507
0.6823,0.01027,-0.05
1.0538,0.01662,-0.0376
1.3249,0.02704,-0.0147
1.3841,0.06405,-0.0084
1.19,0.1604,-0.0531
