group3,,
Cl,Cd,Cm
0.1903,0.00778,-0.0589
0.2249,0.0049,-0.0485
0.6999,0.00654,-0.0539
1.0467,0.01255,-0.0376
1.2493,0.02867,-0.0085
1.3658,0.06249,-0.0012
1.1959,0.1537,-0.0521
