group3,(Probably an issue regarding orders of magnitude and Cd being mult by -1),
Cl,Cd,Cm
0.000333333,0.005,0
0.000933333,0.00733333,0.000733333
0.000866667,0.06533333,0.0004
-0.00466667,0.14,0.001333333
-0.01106667,0.22866667,0.006
0.013333333,0.29533333,0.002666667
0.049666667,0.30466667,0.002533333
