group5,,
Cl,Cd,Cm
-0.06631705,-0.01886845,0.00924924
0.02804455,0.02830913,0.01763808
0.22671867,-0.00054174,0.01444643
0.5330733,-0.00731351,0.00902902
0.92121729,0.09243458,0.01137656
1.16771303,0.12078821,0.04681714
1.11551825,0.45198782,0.15988685
