group4,,
Cl,Cd,Cm
-0.07423,-0.02112,-0.010353
0.031391,0.031687,-0.019743
0.253772,-0.001213,-0.01617
0.596683,-0.008186,-0.010106
1.031143,0.103464,-0.012734
1.307052,0.135201,-0.052404
1.248629,0.505922,-0.178966
