group1,,
Cl,Cd,Cm
-0.228,0.028,-0.050349446
0.212,0.021,-0.048
0.667,0.026,-0.048202778
1.05,0.045,-0.043488935
1.21,0.091,-0.03438036
1.08,0.245,-0.107576554
1.19,0.435,-0.171246755
