group3,,
Cl,Cd,Cm
-0.2247,0.022464,0.048030276
0.17556979,0.017093172,0.040597375
0.62746,0.021386,0.042595102
0.90536194,0.037876405,0.028165501
1.0258,0.08953,0.033593184
0.92038,0.20715,0.071333351
0.9790982,0.37629038,0.003131609
