group4,,
Cl,Cd,Cm
-0.23639,0.024454,-0.007383
0.20596431,0.019363,-0.006978
0.67169576,0.023407,-0.007264
1.0483,0.038538,-0.005906
1.1847,0.0753,-0.003173
1.1848,0.17407,-0.008427
1.2031972,0.35702,-0.017592
