group5,(k-e),
Cl,Cd,Cm
-0.23229,0.022214,0.050431
0.2222,0.016975,0.0459
0.67348,0.020967,0.047459
1.0582,0.035825,0.040231
1.2441,0.0689,0.024161
1.1644,0.141381,0.017795
1.0422,0.320678,0.091856
