group2,(S-A),
Cl,Cd,Cm
-0.22009,0.033406,0.051166
0.2164,0.025197,0.049343
0.55027,0.031744,0.048093
1.0401,0.054869,0.042825
1.239,0.10303,0.036801
1.15,0.226,0.0907
NaN,NaN,NaN
