group6,,
Cl,Cd,Cm
-0.24114,0.024542,0.0485
0.20589,0.019255,0.04649
0.67486,0.02355,0.048792
1.0831,0.038929,0.044171
1.2576,0.070597,0.020885
1.2122,0.13862,0.025644
1.0895,0.31329,0.014323
