group3,,
Cl,Cd,Cm
-0.2247,0.022464,-0.08899891
0.17556979,0.017093172,-0.084489822
0.62746,0.021386,0.063984949
0.90536194,0.037876405,-0.004601286
1.0258,0.08953,-0.237989689
0.92038,0.20815,0.16399801
0.9790982,0.37629038,-0.188902841
