group3,,
Cl,Cd,Cm
-0.2247,0.022464,0.032568997
0.17556979,0.017093172,0.12838227
0.62746,0.021386,0.092870889
0.90536194,0.037876405,0.230056885
1.0258,0.08953,0.493489224
0.92038,0.20815,0.071526979
0.9790982,0.37629038,0.451090402
